bank,sentiment
Bank of Abyssinia,0.20948616600790515
Commercial Bank of Ethiopia,0.6129032258064516
Dashen Bank,0.6833890746934225
