sentiment,proportion
1,61.69422882213972
0,26.257171785352686
-1,12.048599392507594
